{"loss": [1.3439123630523682, 0.43603357672691345, 0.2643493711948395, 0.17724622786045074, 0.13200654089450836, 0.10175926238298416, 0.08343615382909775, 0.07187608629465103, 0.06162407994270325, 0.05143585428595543], "accuracy": [0.604523777961731, 0.8615691065788269, 0.9147734642028809, 0.9425421357154846, 0.9565829634666443, 0.966896653175354, 0.9728999137878418, 0.9757450819015503, 0.9792872667312622, 0.9828579425811768], "val_loss": [0.48390328884124756, 0.29000818729400635, 0.22195672988891602, 0.17813989520072937, 0.15992553532123566, 0.14525553584098816, 0.18987338244915009, 0.15330369770526886, 0.12156964093446732, 0.17062439024448395], "val_accuracy": [0.8494195342063904, 0.9026291966438293, 0.9273844957351685, 0.9429774880409241, 0.9471318125724792, 0.9528796076774597, 0.9434327483177185, 0.9511154294013977, 0.9664807915687561, 0.954359233379364]}